id,first_name,last_name,email,gender,ip_address
1,Johannah,Oleksinski,joleksinski0@goo.ne.jp,Female,148.205.67.64
2,Orelee,Alty,oalty1@biblegateway.com,Female,14.84.218.191
3,Kissiah,Pakes,kpakes2@1688.com,Female,239.168.216.88
4,Goldina,Moneti,gmoneti3@photobucket.com,Female,136.18.209.9
5,Bari,Burston,bburston4@usda.gov,Female,160.14.62.203
6,Sigfrid,Rait,srait5@reuters.com,Male,107.19.171.78
7,Waring,Kingzet,wkingzet6@goo.gl,Male,225.116.105.51
8,Christye,Shekle,cshekle7@ed.gov,Female,2.159.39.40
9,Nevil,Mapledoram,nmapledoram8@paginegialle.it,Male,183.125.250.77
10,Justinian,Rings,jrings9@php.net,Male,28.29.251.210
11,Wye,Verrico,wverricoa@taobao.com,Male,83.208.92.89
12,Aguste,Navan,anavanb@nih.gov,Male,249.61.118.35
13,Orin,Streatfield,ostreatfieldc@mediafire.com,Male,43.209.121.72
14,Javier,Gawkroge,jgawkroged@narod.ru,Male,3.227.38.210
15,Pinchas,Oglesbee,poglesbeee@wordpress.com,Male,10.89.197.51
16,Tedd,Aiskrigg,taiskriggf@jigsy.com,Male,247.64.158.8
17,Martica,Manthroppe,mmanthroppeg@netvibes.com,Female,165.141.185.190
18,Wilek,Aphale,waphaleh@yandex.ru,Male,164.246.186.255
19,Cullen,Endle,cendlei@goo.ne.jp,Genderfluid,88.115.89.124
20,Merilee,Dunniom,mdunniomj@furl.net,Female,5.185.203.218
21,Nial,Mirams,nmiramsk@bizjournals.com,Male,223.2.24.72
22,Elisabet,Bettridge,ebettridgel@deviantart.com,Female,17.99.191.29
23,Boony,Shankster,bshanksterm@europa.eu,Male,179.225.29.98
24,Lorilyn,Fairnington,lfairningtonn@shareasale.com,Female,32.134.25.87
25,Nettie,Wickie,nwickieo@vistaprint.com,Female,48.155.164.36
26,Linet,Di Iorio,ldiioriop@hhs.gov,Female,80.209.61.202
27,Yehudit,Fomichyov,yfomichyovq@huffingtonpost.com,Male,211.251.119.139
28,Clerc,Helkin,chelkinr@state.gov,Agender,84.38.186.210
29,Cary,Anstie,cansties@hc360.com,Female,108.195.233.118
30,Dannel,Sancraft,dsancraftt@hugedomains.com,Male,88.73.247.202
31,Jamill,Lowell,jlowellu@com.com,Male,110.145.141.201
32,Betti,Tyne,btynev@marketwatch.com,Female,73.237.154.32
33,Reube,Pamphilon,rpamphilonw@alibaba.com,Male,200.80.197.195
34,Rollins,Garwell,rgarwellx@cafepress.com,Genderfluid,172.108.31.64
35,Kahaleel,Clipson,kclipsony@printfriendly.com,Male,45.112.88.135
36,Marthena,Drayson,mdraysonz@imageshack.us,Female,47.228.191.175
37,Rosamond,Zmitrichenko,rzmitrichenko10@webmd.com,Female,168.60.169.20
38,Zachary,Martygin,zmartygin11@fastcompany.com,Male,242.65.222.192
39,Sylvia,Statefield,sstatefield12@xing.com,Female,223.81.14.69
40,Haley,Stanistreet,hstanistreet13@fema.gov,Female,249.215.224.159
41,Jase,Gentreau,jgentreau14@acquirethisname.com,Male,54.233.128.35
42,Tatiania,Crinidge,tcrinidge15@twitter.com,Female,195.204.35.115
43,Carlynne,Gyngell,cgyngell16@chicagotribune.com,Female,33.145.50.134
44,Nana,Pund,npund17@nyu.edu,Female,40.25.63.242
45,Adair,Farra,afarra18@sciencedirect.com,Male,154.46.151.145
46,Doralyn,Fairbrass,dfairbrass19@topsy.com,Female,107.235.23.148
47,Norrie,Dugall,ndugall1a@cocolog-nifty.com,Non-binary,219.19.189.43
48,Kerrill,Reston,kreston1b@ted.com,Female,84.187.82.217
49,Farrah,Matresse,fmatresse1c@nymag.com,Female,129.153.20.40
50,Guillermo,Costock,gcostock1d@webeden.co.uk,Male,107.9.169.83
51,Mikael,Oley,moley1e@bloglovin.com,Male,97.14.78.246
52,Elsbeth,Kobpal,ekobpal1f@google.ru,Female,211.6.169.44
53,Florenza,Smidmor,fsmidmor1g@google.nl,Female,215.213.40.231
54,Paulina,Armitage,parmitage1h@blogspot.com,Female,199.130.133.73
55,Lorelei,Worthington,lworthington1i@ted.com,Female,236.204.252.68
56,Alli,Winkworth,awinkworth1j@smh.com.au,Female,126.109.71.76
57,Cory,Aloshkin,caloshkin1k@macromedia.com,Male,90.33.98.215
58,Marj,Kield,mkield1l@hao123.com,Female,142.101.73.63
59,Elaine,Tether,etether1m@purevolume.com,Female,50.81.61.232
60,Jamima,Shelliday,jshelliday1n@weather.com,Female,176.14.217.210
61,Arlinda,Sadgrove,asadgrove1o@princeton.edu,Female,85.2.223.133
62,Kingsley,Espadate,kespadate1p@nymag.com,Male,237.175.76.126
63,Dewitt,Sysland,dsysland1q@pinterest.com,Genderfluid,7.35.245.39
64,Kaila,Nealon,knealon1r@diigo.com,Female,166.31.157.15
65,Rollie,Stendell,rstendell1s@usatoday.com,Male,135.193.180.197
66,Dill,Mapam,dmapam1t@howstuffworks.com,Male,186.7.110.100
67,Luigi,Bannon,lbannon1u@simplemachines.org,Male,245.189.59.43
68,Prentiss,Royston,proyston1v@chicagotribune.com,Male,148.154.25.60
69,Rowen,Matej,rmatej1w@baidu.com,Male,37.14.105.195
70,Gussy,Judson,gjudson1x@usgs.gov,Female,196.31.96.215
71,Lutero,Caltera,lcaltera1y@chron.com,Male,171.126.26.66
72,Henrie,Tiner,htiner1z@yandex.ru,Female,226.48.13.221
73,Jessa,Roswarn,jroswarn20@huffingtonpost.com,Female,192.203.64.249
74,Donny,Elverston,delverston21@seattletimes.com,Male,153.54.192.239
75,Kennedy,Rowden,krowden22@dion.ne.jp,Male,234.3.186.114
76,Kelli,Donaway,kdonaway23@jugem.jp,Female,110.111.114.109
77,Howard,McCullock,hmccullock24@google.co.jp,Male,41.247.92.49
78,Estelle,Francesconi,efrancesconi25@google.com,Female,161.97.144.193
79,Auberon,Seman,aseman26@geocities.jp,Male,35.126.19.125
80,Sterne,Moakes,smoakes27@amazon.com,Male,36.58.131.228
81,Byrann,Morphet,bmorphet28@shutterfly.com,Male,13.58.196.59
82,Katha,Fulk,kfulk29@simplemachines.org,Bigender,179.147.168.146
83,Rory,Goldsbrough,rgoldsbrough2a@bandcamp.com,Female,62.204.122.228
84,Curry,Overal,coveral2b@simplemachines.org,Male,85.108.214.57
85,Honey,Vedyasov,hvedyasov2c@meetup.com,Female,84.144.86.87
86,Northrup,O' Cuolahan,nocuolahan2d@newsvine.com,Genderqueer,27.210.147.197
87,Annamarie,Blockwell,ablockwell2e@tiny.cc,Female,210.196.233.158
88,Sidonia,Kubera,skubera2f@opera.com,Female,175.22.109.237
89,Hansiain,Heustice,hheustice2g@ucsd.edu,Male,232.58.196.9
90,Barbaraanne,Harm,bharm2h@squarespace.com,Female,202.8.251.190
91,Josie,Gummow,jgummow2i@symantec.com,Female,238.244.52.159
92,Irvine,Nelson,inelson2j@t.co,Male,16.92.93.75
93,Basilio,Addy,baddy2k@i2i.jp,Male,80.11.154.89
94,Nicol,Girardengo,ngirardengo2l@java.com,Female,186.244.126.230
95,Leonidas,Elder,lelder2m@naver.com,Male,74.239.15.136
96,Carita,Bearblock,cbearblock2n@biglobe.ne.jp,Non-binary,93.177.105.109
97,Benedikt,Orchart,borchart2o@cloudflare.com,Male,80.2.157.165
98,Mozelle,Medley,mmedley2p@t-online.de,Female,99.119.153.211
99,Burk,Lempel,blempel2q@sourceforge.net,Male,12.201.175.232
100,Filberte,Peet,fpeet2r@paginegialle.it,Male,4.159.36.240
101,Ede,Tunsley,etunsley2s@nytimes.com,Polygender,181.64.197.50
102,Zonnya,Einchcombe,zeinchcombe2t@naver.com,Female,235.14.104.220
103,Maribeth,Alejo,malejo2u@google.cn,Female,67.235.25.155
104,Deck,Ralling,dralling2v@oaic.gov.au,Male,35.3.236.146
105,Reube,Owens,rowens2w@rambler.ru,Male,185.34.248.205
106,Cecelia,Abbison,cabbison2x@mac.com,Female,147.210.159.32
107,Emiline,De Dantesie,ededantesie2y@fotki.com,Genderfluid,120.198.103.196
108,Wolfie,Yukhnini,wyukhnini2z@cdbaby.com,Male,59.193.174.211
109,Luigi,Biddlestone,lbiddlestone30@prweb.com,Male,223.80.52.168
110,Thane,Smale,tsmale31@youku.com,Male,218.135.47.228
111,Quinton,Kryszkiecicz,qkryszkiecicz32@opensource.org,Male,57.107.215.231
112,Emelda,Newson,enewson33@google.nl,Female,152.197.246.161
113,Lilllie,Iacobo,liacobo34@uiuc.edu,Female,127.94.34.20
114,Tanner,Folbige,tfolbige35@sun.com,Male,250.2.101.159
115,Dan,Simko,dsimko36@aol.com,Male,15.94.135.213
116,Demetris,Irvine,dirvine37@a8.net,Male,93.123.200.52
117,Filmer,Oldershaw,foldershaw38@webs.com,Male,128.238.135.156
118,Pearl,Ferretti,pferretti39@upenn.edu,Female,182.85.130.31
119,Bondy,Risbridge,brisbridge3a@dot.gov,Polygender,106.115.250.241
120,Felecia,Bertolaccini,fbertolaccini3b@aol.com,Agender,241.242.153.182
121,Robert,Pochet,rpochet3c@merriam-webster.com,Male,2.212.52.23
122,Judith,Barden,jbarden3d@sbwire.com,Female,244.195.55.27
123,Jimmy,Cantwell,jcantwell3e@cpanel.net,Male,224.173.250.132
124,Dannie,Leacy,dleacy3f@eventbrite.com,Genderqueer,104.145.114.125
125,Orsa,Northgraves,onorthgraves3g@about.me,Female,58.232.241.238
126,Marnie,Birkby,mbirkby3h@taobao.com,Female,145.35.180.75
127,Gael,Goodrick,ggoodrick3i@sogou.com,Male,226.172.140.86
128,Laetitia,McLinden,lmclinden3j@nature.com,Female,111.244.54.100
129,Bryon,Dunge,bdunge3k@facebook.com,Male,246.163.193.139
130,Noby,Connerry,nconnerry3l@instagram.com,Male,133.182.109.0
131,Arlee,Witchard,awitchard3m@acquirethisname.com,Female,31.233.116.117
132,Waverly,Tale,wtale3n@flavors.me,Male,113.85.102.78
133,Vinita,Dommerque,vdommerque3o@unesco.org,Female,91.221.23.137
134,Seumas,Hazelgrove,shazelgrove3p@dedecms.com,Male,92.233.152.145
135,Carl,Dirr,cdirr3q@mozilla.com,Male,159.76.48.92
136,Cissy,Brasener,cbrasener3r@dailymotion.com,Non-binary,90.29.94.207
137,Helsa,Koop,hkoop3s@google.es,Female,130.169.73.127
138,Amalita,Eschalette,aeschalette3t@diigo.com,Female,8.107.184.207
139,Maryjane,Allenby,mallenby3u@creativecommons.org,Female,241.170.203.92
140,Marven,Conrart,mconrart3v@list-manage.com,Male,151.165.205.61
141,Darlene,Blazej,dblazej3w@squarespace.com,Female,28.50.235.77
142,Mendel,Bacop,mbacop3x@businessweek.com,Male,110.253.52.187
143,Olive,Hammant,ohammant3y@weibo.com,Female,45.202.126.139
144,Carrie,Shallcross,cshallcross3z@t.co,Female,200.142.39.56
145,Alys,Wheatman,awheatman40@smh.com.au,Female,172.158.127.217
146,Merill,Whisson,mwhisson41@webs.com,Male,45.168.174.188
147,Alon,Cluer,acluer42@issuu.com,Male,13.87.251.227
148,Alic,Malloch,amalloch43@chron.com,Male,221.251.244.134
149,Brnaby,Cuningham,bcuningham44@skype.com,Male,179.234.227.109
150,Arthur,Fevier,afevier45@imdb.com,Male,64.36.213.7
151,Rafaellle,Kitchenman,rkitchenman46@furl.net,Male,99.173.8.65
152,Daphna,Nawton,dnawton47@canalblog.com,Genderqueer,68.53.6.119
153,Ivette,Gilbertson,igilbertson48@ameblo.jp,Female,0.102.80.114
154,Ammamaria,Brinkler,abrinkler49@skype.com,Female,152.51.221.82
155,Jack,Klulik,jklulik4a@nyu.edu,Genderfluid,109.203.217.121
156,Opaline,Gladyer,ogladyer4b@dmoz.org,Female,51.215.254.126
157,Desirae,Fontenot,dfontenot4c@sun.com,Female,31.13.167.36
158,Nancee,Sertin,nsertin4d@phoca.cz,Female,198.206.56.10
159,Willi,Cudmore,wcudmore4e@cbslocal.com,Female,129.159.229.14
160,Giffie,Gilsthorpe,ggilsthorpe4f@is.gd,Male,237.138.44.51
161,Nickola,Sheara,nsheara4g@mit.edu,Male,184.113.99.61
162,Merrily,Salomon,msalomon4h@gravatar.com,Female,96.76.48.138
163,Marcy,Barense,mbarense4i@google.de,Genderqueer,141.11.146.153
164,Udall,Readhead,ureadhead4j@gov.uk,Male,160.94.66.9
165,Valery,Hewins,vhewins4k@dedecms.com,Female,121.71.52.120
166,Antoni,Duigenan,aduigenan4l@paypal.com,Agender,113.98.54.78
167,Kelwin,Thandi,kthandi4m@e-recht24.de,Male,85.139.127.24
168,Rhetta,Mattioli,rmattioli4n@kickstarter.com,Female,122.115.157.235
169,Torre,Voak,tvoak4o@123-reg.co.uk,Male,92.194.158.108
170,Giffer,Mennithorp,gmennithorp4p@pagesperso-orange.fr,Male,139.189.27.226
171,Inez,Zute,izute4q@alibaba.com,Female,194.216.240.101
172,Dinnie,MacArd,dmacard4r@dagondesign.com,Female,34.55.52.237
173,Aloysia,Trussman,atrussman4s@newyorker.com,Female,35.30.110.16
174,Ki,Persent,kpersent4t@mit.edu,Female,69.252.69.218
175,Ermentrude,Hallock,ehallock4u@phoca.cz,Female,118.119.215.241
176,Mozelle,Tether,mtether4v@apache.org,Female,62.175.62.161
177,Alexandre,Birdall,abirdall4w@wix.com,Male,113.137.71.233
178,Shannon,Dauncey,sdauncey4x@ebay.co.uk,Male,197.215.110.122
179,Odelia,Proby,oproby4y@theguardian.com,Female,228.175.237.167
180,Edwina,Seifert,eseifert4z@intel.com,Female,35.50.187.93
181,Huey,Eloy,heloy50@comsenz.com,Male,34.85.190.243
182,Philis,Rosengarten,prosengarten51@sakura.ne.jp,Female,209.18.237.167
183,Hortensia,Whyke,hwhyke52@1688.com,Female,45.240.9.141
184,Leigh,Sly,lsly53@dailymail.co.uk,Male,11.81.58.145
185,Serena,Andreolli,sandreolli54@etsy.com,Female,172.69.172.57
186,Wyndham,Lardnar,wlardnar55@wix.com,Male,207.128.203.204
187,Artemas,Gregh,agregh56@chron.com,Non-binary,75.64.167.234
188,Hermann,Maffi,hmaffi57@uiuc.edu,Male,137.217.79.48
189,Thatcher,Dimsdale,tdimsdale58@cargocollective.com,Male,250.51.88.230
190,Yuma,Buss,ybuss59@ning.com,Male,155.19.246.251
191,Anatollo,Ashbrook,aashbrook5a@hatena.ne.jp,Male,83.155.42.221
192,Lynette,Philippeaux,lphilippeaux5b@intel.com,Female,229.239.88.15
193,Tamiko,Halloran,thalloran5c@bloomberg.com,Genderqueer,149.207.113.124
194,Nita,Kearn,nkearn5d@fc2.com,Female,197.165.196.89
195,Gardie,Tarbox,gtarbox5e@loc.gov,Male,60.137.131.138
196,Hammad,Youngman,hyoungman5f@loc.gov,Male,243.186.38.59
197,Laughton,Trunks,ltrunks5g@blogtalkradio.com,Male,53.206.178.58
198,Robby,Freear,rfreear5h@state.tx.us,Female,44.91.190.30
199,Alaine,Paolo,apaolo5i@dropbox.com,Female,5.182.232.115
200,Jose,Maudsley,jmaudsley5j@jigsy.com,Male,228.13.252.52
201,Louise,Kelshaw,lkelshaw5k@360.cn,Female,134.52.100.110
202,Maryrose,Biasi,mbiasi5l@reverbnation.com,Female,80.6.253.50
203,Teddy,Witnall,twitnall5m@t.co,Male,172.45.128.3
204,Trumaine,Fosdike,tfosdike5n@g.co,Male,101.163.174.21
205,Henry,Persian,hpersian5o@addthis.com,Male,122.65.47.95
206,Alexia,Gallehawk,agallehawk5p@wix.com,Female,99.237.42.245
207,Gilburt,Thumann,gthumann5q@blog.com,Male,121.151.82.92
208,Brad,Hethron,bhethron5r@dedecms.com,Male,157.101.209.229
209,Elinore,Ackland,eackland5s@amazon.de,Female,176.87.196.148
210,Lindy,Sayward,lsayward5t@latimes.com,Polygender,15.75.31.101
211,Kleon,Froment,kfroment5u@canalblog.com,Agender,65.124.35.162
212,Nicolai,Last,nlast5v@sphinn.com,Male,156.30.187.203
213,Juana,Zapata,jzapata5w@redcross.org,Non-binary,229.228.221.18
214,Walton,Hazeldene,whazeldene5x@pen.io,Male,189.108.175.236
215,Merrielle,Pickering,mpickering5y@tiny.cc,Female,159.76.234.4
216,Nev,Calrow,ncalrow5z@usnews.com,Male,141.91.133.93
217,Garold,Flynn,gflynn60@vkontakte.ru,Male,103.188.193.52
218,Daniele,Fernihough,dfernihough61@amazonaws.com,Female,185.213.188.79
219,Menard,Brownett,mbrownett62@comsenz.com,Non-binary,122.84.249.54
220,Farr,Frean,ffrean63@marriott.com,Male,174.11.53.197
221,Millard,Ogger,mogger64@amazon.de,Male,238.136.164.78
222,Mirabelle,Perton,mperton65@google.nl,Female,3.15.51.219
223,Micheal,Chastey,mchastey66@constantcontact.com,Male,245.128.116.217
224,Fleurette,Berni,fberni67@nps.gov,Genderqueer,246.153.17.228
225,Cam,Haney`,chaney68@reddit.com,Bigender,6.11.12.254
226,Latrena,Cud,lcud69@dion.ne.jp,Female,219.184.233.184
227,Lynnell,Boylan,lboylan6a@reverbnation.com,Female,166.169.34.167
228,Terencio,Wheeldon,twheeldon6b@etsy.com,Male,6.233.184.217
229,Bruce,Firminger,bfirminger6c@pen.io,Male,0.117.117.85
230,Riobard,Kubacek,rkubacek6d@networkadvertising.org,Male,25.73.21.201
231,Timmie,Swadden,tswadden6e@over-blog.com,Female,206.149.177.15
232,Bary,Maudlen,bmaudlen6f@t-online.de,Male,9.251.178.123
233,Marnia,Akast,makast6g@ebay.com,Female,254.115.71.137
234,Latrena,Greensite,lgreensite6h@dropbox.com,Female,49.109.194.61
235,Ingra,Molson,imolson6i@webeden.co.uk,Male,77.67.149.129
236,Ced,Sumshon,csumshon6j@statcounter.com,Male,109.67.198.183
237,Budd,Conaghan,bconaghan6k@barnesandnoble.com,Male,198.74.34.18
238,Beverly,Falkner,bfalkner6l@omniture.com,Female,184.78.214.191
239,Roxanna,Andor,randor6m@theatlantic.com,Female,75.8.14.58
240,Lianna,Pic,lpic6n@google.co.jp,Female,169.11.30.147
241,Dannie,Salters,dsalters6o@youtu.be,Male,206.75.230.226
242,Van,Arrol,varrol6p@dagondesign.com,Male,252.206.186.173
243,Theobald,Woltman,twoltman6q@marriott.com,Male,166.8.208.155
244,Nicolais,Mayer,nmayer6r@twitter.com,Male,233.214.217.189
245,Trude,Chawkley,tchawkley6s@live.com,Female,203.225.66.85
246,Vida,Cheales,vcheales6t@eepurl.com,Female,197.241.109.184
247,Lainey,Carlesso,lcarlesso6u@histats.com,Female,210.126.71.19
248,Robinetta,Kalvin,rkalvin6v@imgur.com,Female,213.235.51.166
249,Lorenzo,Brandreth,lbrandreth6w@domainmarket.com,Male,232.13.107.145
250,Nobie,Aleksic,naleksic6x@harvard.edu,Male,59.7.32.109
251,Arlette,Teers,ateers6y@a8.net,Genderfluid,154.217.149.41
252,Duane,Amesbury,damesbury6z@google.cn,Male,98.148.131.136
253,Stanly,Brain,sbrain70@comsenz.com,Male,50.220.96.76
254,Susanna,Leijs,sleijs71@github.com,Female,104.122.149.61
255,Chandra,Duckhouse,cduckhouse72@nyu.edu,Female,156.251.120.215
256,Abbie,Burrows,aburrows73@java.com,Male,234.141.10.231
257,Trisha,Van der Hoeven,tvanderhoeven74@toplist.cz,Female,158.47.142.244
258,Clair,Petrushka,cpetrushka75@free.fr,Female,57.183.234.204
259,Odo,Yerbury,oyerbury76@youku.com,Male,3.185.151.29
260,Tannie,Ghidetti,tghidetti77@chicagotribune.com,Male,103.21.216.107
261,Whitby,Carbert,wcarbert78@ebay.com,Genderfluid,241.55.217.196
262,Kelly,Feaveryear,kfeaveryear79@theguardian.com,Female,212.137.181.231
263,Florentia,Karp,fkarp7a@amazon.co.jp,Female,212.114.151.125
264,Chancey,Sebrook,csebrook7b@sfgate.com,Male,146.179.37.179
265,Minny,Van Merwe,mvanmerwe7c@google.es,Female,165.55.98.230
266,Terrill,Wesgate,twesgate7d@dmoz.org,Male,39.134.27.0
267,Shell,Sailer,ssailer7e@cnbc.com,Male,112.64.227.254
268,Tasia,Abbott,tabbott7f@blogs.com,Female,206.199.117.29
269,Edwina,Hobden,ehobden7g@soup.io,Female,222.14.78.244
270,Yardley,Ryder,yryder7h@tumblr.com,Male,193.204.198.148
271,Celina,Cuttles,ccuttles7i@chicagotribune.com,Female,190.211.102.201
272,Debbi,Lambrick,dlambrick7j@cdc.gov,Female,161.111.176.63
273,Artemis,Riepel,ariepel7k@time.com,Male,156.243.35.53
274,Alyss,Hixson,ahixson7l@trellian.com,Female,98.84.189.172
275,Shem,Boyce,sboyce7m@cdbaby.com,Male,177.196.39.164
276,Lorrie,Indgs,lindgs7n@mysql.com,Male,166.117.251.4
277,Cristen,Sharple,csharple7o@berkeley.edu,Non-binary,172.226.41.122
278,Inna,Steggles,isteggles7p@yelp.com,Female,15.190.135.48
279,Elvera,Twaits,etwaits7q@ucoz.ru,Female,108.248.212.132
280,Corette,Ygou,cygou7r@slate.com,Female,227.232.172.22
281,Claudian,Dyneley,cdyneley7s@paypal.com,Male,1.159.186.203
282,Clementius,Hollingsbee,chollingsbee7t@facebook.com,Male,70.145.60.157
283,Erl,Yule,eyule7u@list-manage.com,Male,249.18.235.30
284,Celka,Fynn,cfynn7v@ehow.com,Female,125.88.225.155
285,Ham,Chorlton,hchorlton7w@skyrock.com,Male,29.41.62.193
286,Bartlett,Cristofalo,bcristofalo7x@europa.eu,Male,45.198.38.106
287,Idell,Gabler,igabler7y@java.com,Genderfluid,192.226.66.73
288,Germayne,Wildt,gwildt7z@aol.com,Male,140.62.189.201
289,Tami,Alderson,talderson80@marriott.com,Female,10.125.5.32
290,Aldridge,Chiese,achiese81@dot.gov,Male,94.194.249.104
291,Zaneta,Sproul,zsproul82@guardian.co.uk,Female,0.53.115.47
292,Suzanne,Duckhouse,sduckhouse83@google.com.br,Agender,50.35.113.89
293,Albrecht,McKellen,amckellen84@wikia.com,Male,212.74.74.171
294,Jolene,MacRury,jmacrury85@biblegateway.com,Female,4.50.150.237
295,Ashien,Hedon,ahedon86@shutterfly.com,Female,34.197.18.196
296,Gare,Bickmore,gbickmore87@yahoo.co.jp,Male,240.40.196.142
297,Norby,Smale,nsmale88@unesco.org,Male,147.195.220.156
298,Randy,Winchurst,rwinchurst89@wiley.com,Male,209.149.115.239
299,Beitris,Nardoni,bnardoni8a@scribd.com,Polygender,144.163.104.83
300,Merry,Giamelli,mgiamelli8b@fema.gov,Male,210.112.55.166
301,Menard,Kleint,mkleint8c@weibo.com,Male,168.175.102.199
302,Demeter,Passler,dpassler8d@mit.edu,Female,83.176.32.234
303,Eda,Jullian,ejullian8e@histats.com,Female,205.33.136.151
304,Benton,Ricket,bricket8f@elegantthemes.com,Male,70.172.32.35
305,Maegan,Yourell,myourell8g@princeton.edu,Non-binary,255.222.60.139
306,Johnathon,Skrines,jskrines8h@howstuffworks.com,Male,3.175.130.206
307,Winfred,Meatcher,wmeatcher8i@go.com,Male,32.30.12.46
308,Moyna,Helis,mhelis8j@webmd.com,Female,96.160.124.13
309,Gilberto,Penhallurick,gpenhallurick8k@umich.edu,Male,151.103.203.211
310,Layla,O'Nion,lonion8l@friendfeed.com,Female,217.156.191.99
311,Ethel,Deverson,edeverson8m@mapy.cz,Female,3.235.210.179
312,Trix,Gornar,tgornar8n@cocolog-nifty.com,Genderfluid,76.215.129.215
313,Loreen,Philippard,lphilippard8o@goo.gl,Female,125.92.72.227
314,Teador,Dawidowsky,tdawidowsky8p@paypal.com,Male,6.54.93.215
315,Aura,Carpenter,acarpenter8q@wordpress.com,Bigender,114.233.94.254
316,Yuri,Hurdidge,yhurdidge8r@nymag.com,Male,3.22.120.73
317,Ashby,Beevors,abeevors8s@soup.io,Male,112.100.182.3
318,Cilka,Riggert,criggert8t@chronoengine.com,Female,156.136.140.36
319,Coretta,Petr,cpetr8u@furl.net,Female,61.187.42.176
320,Loralyn,Lewing,llewing8v@china.com.cn,Female,168.72.214.179
321,Kelbee,Averill,kaverill8w@google.com.br,Male,14.120.1.148
322,Willetta,Kinzel,wkinzel8x@fotki.com,Female,88.154.37.170
323,Alessandro,Stean,astean8y@themeforest.net,Male,245.223.88.47
324,Karlik,Ranson,kranson8z@theatlantic.com,Male,112.250.67.239
325,Judas,Routledge,jroutledge90@washingtonpost.com,Male,144.26.86.28
326,Rowen,Dorcey,rdorcey91@arizona.edu,Male,40.124.27.106
327,Andrei,Griggs,agriggs92@boston.com,Female,147.12.177.246
328,Courtnay,Sogg,csogg93@washingtonpost.com,Male,249.111.231.67
329,Waring,Fowles,wfowles94@yandex.ru,Male,68.184.172.195
330,Dorey,Alred,dalred95@quantcast.com,Male,20.168.113.248
331,Hinda,Hasselby,hhasselby96@gov.uk,Female,41.167.185.254
332,Malia,Millin,mmillin97@kickstarter.com,Female,74.210.47.254
333,Patti,Meatcher,pmeatcher98@noaa.gov,Female,5.166.159.242
334,Rachelle,Mergue,rmergue99@seattletimes.com,Non-binary,182.163.153.156
335,Hestia,Spaight,hspaight9a@ebay.com,Female,51.185.90.133
336,Baxter,Szymonwicz,bszymonwicz9b@intel.com,Bigender,241.227.253.96
337,Lief,Bolden,lbolden9c@mapy.cz,Male,154.6.9.113
338,Missie,Cool,mcool9d@army.mil,Female,185.225.1.244
339,Erhard,Kornyshev,ekornyshev9e@bloglines.com,Male,30.136.89.24
340,Findlay,Bunkle,fbunkle9f@shop-pro.jp,Male,229.197.167.197
341,Tait,Dust,tdust9g@economist.com,Male,70.210.74.41
342,Rurik,Kays,rkays9h@jimdo.com,Male,235.246.24.182
343,Raviv,Georgeot,rgeorgeot9i@japanpost.jp,Male,241.0.128.110
344,Agatha,Dowderswell,adowderswell9j@house.gov,Female,95.54.192.122
345,Mora,Cruikshanks,mcruikshanks9k@springer.com,Female,183.66.249.113
346,Philomena,Gentzsch,pgentzsch9l@pcworld.com,Polygender,249.66.252.17
347,Onfre,Clerc,oclerc9m@aol.com,Male,171.189.89.97
348,Pierson,Skune,pskune9n@fema.gov,Male,32.42.63.211
349,Bridie,Jugging,bjugging9o@arstechnica.com,Female,116.234.183.132
350,Leonerd,Rowcastle,lrowcastle9p@cargocollective.com,Agender,64.179.208.252
351,Bambie,Ingleby,bingleby9q@blog.com,Female,124.177.113.152
352,Burr,Hanbury,bhanbury9r@mapy.cz,Male,234.184.215.91
353,Riobard,Rockwill,rrockwill9s@digg.com,Male,24.64.86.156
354,Damita,Jordanson,djordanson9t@domainmarket.com,Female,89.45.107.40
355,Aime,Lenney,alenney9u@marriott.com,Female,112.251.113.161
356,Winslow,Yeell,wyeell9v@nih.gov,Male,135.130.92.85
357,Brittani,Drakers,bdrakers9w@aol.com,Female,94.181.215.5
358,Monte,Tubritt,mtubritt9x@delicious.com,Male,98.195.90.11
359,Jillie,Girdlestone,jgirdlestone9y@wikipedia.org,Female,197.156.196.189
360,Alleyn,Standage,astandage9z@taobao.com,Male,6.177.93.144
361,Gabriel,Dightham,gdighthama0@cnet.com,Female,165.90.182.230
362,Theresina,O'Sheeryne,tosheerynea1@feedburner.com,Female,170.184.215.238
363,Rosaline,Gemmell,rgemmella2@hao123.com,Female,214.178.89.192
364,Ana,Sorro,asorroa3@flavors.me,Female,37.74.14.100
365,Enrica,Runciman,eruncimana4@goo.ne.jp,Female,59.203.10.35
366,Kim,Van Dale,kvandalea5@accuweather.com,Male,49.212.18.121
367,Elfrieda,Gissing,egissinga6@nytimes.com,Bigender,159.84.136.235
368,Dorothee,Andor,dandora7@indiatimes.com,Female,220.135.249.94
369,Manuel,Mundow,mmundowa8@webeden.co.uk,Genderfluid,200.108.81.215
370,Brooks,Davidof,bdavidofa9@alibaba.com,Male,17.195.125.77
371,Duky,Load,dloadaa@hao123.com,Male,89.168.22.57
372,Durand,Geill,dgeillab@microsoft.com,Male,186.21.227.50
373,Marshall,Timby,mtimbyac@360.cn,Male,200.49.153.254
374,Zsa zsa,Alyutin,zalyutinad@squidoo.com,Female,107.240.64.186
375,Binni,Balhatchet,bbalhatchetae@skype.com,Female,19.111.19.59
376,Tresa,Yakunikov,tyakunikovaf@examiner.com,Female,154.244.241.68
377,Staffard,Blucher,sblucherag@about.com,Male,129.73.234.223
378,Fleurette,Scotti,fscottiah@dmoz.org,Female,156.46.187.134
379,Carling,Geraldez,cgeraldezai@imageshack.us,Polygender,223.213.149.157
380,Onida,Faunt,ofauntaj@cmu.edu,Female,66.119.116.166
381,Irvine,Aust,iaustak@prlog.org,Male,154.51.149.14
382,Rickie,Aspole,raspoleal@nytimes.com,Female,162.44.163.7
383,Saunders,McGrale,smcgraleam@yelp.com,Male,86.225.109.70
384,Roarke,Keune,rkeunean@weebly.com,Male,150.94.26.93
385,Alley,Silkston,asilkstonao@multiply.com,Male,174.122.63.78
386,Ganny,Huntingford,ghuntingfordap@google.de,Male,54.248.203.188
387,Tobi,Diloway,tdilowayaq@msn.com,Female,222.18.127.97
388,Dougie,Canacott,dcanacottar@princeton.edu,Male,156.201.55.215
389,Orbadiah,Sandaver,osandaveras@sohu.com,Male,42.223.199.135
390,Thom,Bengle,tbengleat@fda.gov,Male,33.34.253.22
391,Lazarus,Commin,lcomminau@oracle.com,Male,208.78.250.55
392,Marian,Bastide,mbastideav@adobe.com,Female,68.184.19.115
393,Noach,Ingarfield,ningarfieldaw@ovh.net,Male,19.20.67.17
394,Ulysses,Munden,umundenax@hp.com,Male,168.212.147.233
395,Claudian,Baynes,cbaynesay@unesco.org,Male,87.57.186.153
396,Patrizia,Kenyon,pkenyonaz@weibo.com,Female,238.64.88.188
397,Queenie,Morrel,qmorrelb0@apache.org,Female,214.95.112.3
398,Bax,Peirce,bpeirceb1@hp.com,Male,135.195.125.202
399,Pet,Shadwick,pshadwickb2@cnbc.com,Female,97.188.13.89
400,Colby,Shotbolt,cshotboltb3@51.la,Male,53.234.206.250
401,Nickolaus,Cordaroy,ncordaroyb4@stanford.edu,Genderfluid,46.123.224.190
402,Alta,Sands,asandsb5@alibaba.com,Female,188.216.5.225
403,Avrit,Dunseath,adunseathb6@amazonaws.com,Bigender,44.214.137.177
404,Elka,Michallat,emichallatb7@cargocollective.com,Female,53.88.55.136
405,Coriss,Cake,ccakeb8@ihg.com,Female,176.129.170.22
406,Raymund,Lambertini,rlambertinib9@technorati.com,Male,141.191.213.248
407,Craggy,MacLaig,cmaclaigba@opera.com,Male,140.85.195.52
408,Zsa zsa,Ewebank,zewebankbb@vinaora.com,Female,189.224.243.105
409,Patton,Liepmann,pliepmannbc@amazon.de,Male,217.71.226.207
410,Lyman,Hovert,lhovertbd@123-reg.co.uk,Male,121.222.209.81
411,Shaun,Gatecliff,sgatecliffbe@facebook.com,Male,167.231.80.79
412,Conney,Jobke,cjobkebf@cargocollective.com,Male,142.239.110.60
413,Egon,Dioniso,edionisobg@github.io,Male,83.148.119.11
414,Jeniffer,McDonand,jmcdonandbh@e-recht24.de,Female,40.48.67.13
415,Paolo,Dufoure,pdufourebi@nhs.uk,Male,61.0.146.253
416,Enid,Klemke,eklemkebj@independent.co.uk,Female,114.43.56.89
417,Carleton,McLenaghan,cmclenaghanbk@nyu.edu,Male,234.198.21.173
418,Chane,Pache,cpachebl@etsy.com,Male,138.26.62.168
419,Eward,Hatliffe,ehatliffebm@w3.org,Male,221.200.32.178
420,Gwen,How to preserve,ghowtopreservebn@altervista.org,Female,49.86.154.57
421,Dione,Sconce,dsconcebo@gravatar.com,Female,162.102.149.40
422,Willetta,Whiteland,wwhitelandbp@jigsy.com,Female,147.5.66.14
423,Aurea,Khristoforov,akhristoforovbq@arstechnica.com,Female,119.224.188.77
424,Stewart,Sowrah,ssowrahbr@biglobe.ne.jp,Male,241.190.38.113
425,Audie,Troak,atroakbs@msn.com,Female,209.184.190.74
426,Bertram,Renvoys,brenvoysbt@house.gov,Bigender,5.77.42.24
427,Jazmin,Yendall,jyendallbu@merriam-webster.com,Female,152.213.176.166
428,Justino,Renton,jrentonbv@free.fr,Male,30.46.127.151
429,Samuele,Paddie,spaddiebw@unicef.org,Male,64.161.94.181
430,Willi,Roseby,wrosebybx@amazonaws.com,Female,103.185.228.136
431,Barri,Quarry,bquarryby@pbs.org,Male,233.126.26.78
432,Malorie,Ipgrave,mipgravebz@vkontakte.ru,Female,15.216.249.233
433,Merry,Darbyshire,mdarbyshirec0@pagesperso-orange.fr,Female,214.124.177.131
434,Ambrosi,Jordi,ajordic1@whitehouse.gov,Male,24.228.126.226
435,Dukey,Beau,dbeauc2@squarespace.com,Male,126.253.47.87
436,Onida,Sillick,osillickc3@narod.ru,Female,204.222.160.169
437,Waylin,Tocque,wtocquec4@chronoengine.com,Male,44.137.69.67
438,Jemmy,Marczyk,jmarczykc5@auda.org.au,Female,162.94.18.156
439,Ive,Lasslett,ilasslettc6@histats.com,Male,38.154.191.79
440,Janek,Pavlovic,jpavlovicc7@xinhuanet.com,Male,40.111.54.32
441,Clim,Croft,ccroftc8@networkadvertising.org,Male,141.60.136.234
442,Valentine,Orrow,vorrowc9@github.io,Male,233.211.133.12
443,Roosevelt,Guerner,rguernerca@netscape.com,Male,213.89.203.209
444,Alice,Anear,aanearcb@nasa.gov,Female,134.96.127.108
445,Cos,Hasker,chaskercc@wunderground.com,Male,109.129.247.193
446,Dayna,Beldon,dbeldoncd@ox.ac.uk,Female,145.36.228.185
447,Edgardo,Fattori,efattorice@cafepress.com,Male,158.214.113.181
448,Hayley,Bartoszewicz,hbartoszewiczcf@blogs.com,Female,61.202.93.56
449,Kameko,Maleck,kmaleckcg@wikispaces.com,Female,81.199.221.82
450,Nowell,Dillet,ndilletch@alibaba.com,Male,66.228.210.52
451,Rora,Beales,rbealesci@noaa.gov,Female,85.207.219.241
452,Glen,Carnew,gcarnewcj@theglobeandmail.com,Male,16.155.219.120
453,Cooper,Hastin,chastinck@sun.com,Male,45.61.133.216
454,Lucretia,Parcells,lparcellscl@ucoz.ru,Female,170.116.150.100
455,Tilda,Girth,tgirthcm@exblog.jp,Female,248.246.24.98
456,Paulina,Hegge,pheggecn@reuters.com,Female,84.242.56.17
457,Jackson,Tucsell,jtucsellco@sohu.com,Genderfluid,255.159.59.74
458,Nicoli,Walhedd,nwalheddcp@studiopress.com,Female,167.208.216.233
459,Horten,Matuszkiewicz,hmatuszkiewiczcq@parallels.com,Genderfluid,60.104.151.187
460,Adams,Charpling,acharplingcr@xinhuanet.com,Male,212.5.62.210
461,Solly,Chasmor,schasmorcs@cocolog-nifty.com,Male,239.50.237.171
462,Leodora,Patterfield,lpatterfieldct@arizona.edu,Female,103.248.118.136
463,Riannon,Clemenceau,rclemenceaucu@narod.ru,Genderqueer,66.228.72.53
464,Creigh,Lebel,clebelcv@chicagotribune.com,Male,104.7.51.153
465,Reinhold,Rowlin,rrowlincw@cdbaby.com,Male,115.174.20.142
466,Gayelord,Naile,gnailecx@bloomberg.com,Male,92.24.166.126
467,Woody,MacGovern,wmacgoverncy@google.es,Male,87.134.163.217
468,Parrnell,Kingswoode,pkingswoodecz@g.co,Male,118.184.112.175
469,Sheela,Dobbing,sdobbingd0@1und1.de,Female,127.121.176.233
470,Clementius,Dowding,cdowdingd1@spiegel.de,Male,212.126.210.145
471,Ferdinand,Gregine,fgregined2@i2i.jp,Male,254.34.66.90
472,Liza,Maskall,lmaskalld3@wordpress.org,Bigender,86.17.41.4
473,Marsha,Shepherdson,mshepherdsond4@hubpages.com,Female,85.251.171.154
474,Elsey,Deniseau,edeniseaud5@jiathis.com,Polygender,19.194.224.79
475,Calla,Vokes,cvokesd6@vinaora.com,Female,210.136.199.96
476,Remus,Reily,rreilyd7@fastcompany.com,Male,13.157.212.189
477,Butch,Illston,billstond8@nyu.edu,Male,161.21.85.176
478,Dennie,Whittek,dwhittekd9@aboutads.info,Male,118.74.37.128
479,Odella,Kunneke,okunnekeda@spotify.com,Polygender,74.104.240.223
480,Berta,Le Floch,bleflochdb@apache.org,Bigender,186.5.13.161
481,Greer,Gooley,ggooleydc@feedburner.com,Female,235.255.98.241
482,Katie,Izakof,kizakofdd@nps.gov,Female,153.83.108.19
483,Crysta,Goricke,cgorickede@moonfruit.com,Female,37.244.119.234
484,Craggy,Tinner,ctinnerdf@mozilla.com,Male,222.152.222.136
485,Pietrek,Dawson,pdawsondg@free.fr,Male,129.131.185.151
486,Marcello,Eastment,meastmentdh@tripadvisor.com,Male,213.62.84.99
487,Mallorie,Cashman,mcashmandi@infoseek.co.jp,Female,232.201.171.103
488,Ramonda,Carlow,rcarlowdj@i2i.jp,Female,161.126.168.96
489,Vicky,Andryushchenko,vandryushchenkodk@cornell.edu,Female,250.178.106.21
490,Eliot,MacMorland,emacmorlanddl@devhub.com,Male,94.99.110.172
491,Maye,Staning,mstaningdm@hud.gov,Female,194.166.86.45
492,Rutter,Klimov,rklimovdn@dyndns.org,Male,226.227.235.96
493,Etheline,Hache,ehachedo@spiegel.de,Female,174.113.248.146
494,Roxine,Dumbrall,rdumbralldp@ucoz.ru,Female,235.226.163.10
495,Wilhelmine,Ellph,wellphdq@comsenz.com,Female,52.51.81.254
496,Jodie,Hearsey,jhearseydr@nbcnews.com,Female,72.250.160.128
497,Mallorie,Jagels,mjagelsds@whitehouse.gov,Female,58.148.72.94
498,Hy,Roder,hroderdt@edublogs.org,Male,154.6.74.156
499,Niccolo,Bevington,nbevingtondu@zimbio.com,Male,93.141.165.103
500,Sadye,Gammet,sgammetdv@jigsy.com,Female,47.145.132.49
501,Giles,Sharpless,gsharplessdw@yale.edu,Male,154.192.62.234
502,Ag,Crush,acrushdx@intel.com,Female,239.210.206.169
503,Fritz,Girardey,fgirardeydy@bigcartel.com,Polygender,181.117.212.55
504,Sharity,Dust,sdustdz@chron.com,Female,112.242.115.255
505,Forest,Burhouse,fburhousee0@wsj.com,Male,116.125.188.24
506,Selene,Drynan,sdrynane1@cloudflare.com,Genderfluid,106.200.75.254
507,Claudell,Tieman,ctiemane2@seattletimes.com,Male,52.241.76.32
508,Ali,Heistermann,aheistermanne3@networksolutions.com,Male,2.161.103.136
509,Burgess,Tarrant,btarrante4@redcross.org,Male,118.129.152.152
510,Blanca,Kiezler,bkiezlere5@myspace.com,Female,142.48.224.75
511,Ugo,Nutt,unutte6@springer.com,Male,58.106.12.139
512,Mark,Ivy,mivye7@theguardian.com,Male,67.64.77.229
513,Ediva,Scarffe,escarffee8@parallels.com,Female,75.23.124.157
514,Ki,Elvins,kelvinse9@ow.ly,Female,233.176.4.214
515,Leroy,Fibbit,lfibbitea@amazon.com,Male,174.205.175.70
516,Gerrilee,Spary,gsparyeb@lycos.com,Female,238.83.10.51
517,Katerina,Greig,kgreigec@pbs.org,Female,160.88.34.192
518,Esme,Paliser,epalisered@php.net,Female,193.100.210.137
519,Shae,Sarten,ssartenee@alibaba.com,Female,29.105.103.74
520,Roxana,Boucher,rboucheref@photobucket.com,Bigender,236.167.221.135
521,Vick,Purcell,vpurcelleg@elpais.com,Male,191.62.252.220
522,Burt,Hugnet,bhugneteh@icio.us,Male,132.237.43.66
523,Fairleigh,Zecchii,fzecchiiei@scientificamerican.com,Non-binary,121.96.233.105
524,Aurlie,Rennison,arennisonej@cornell.edu,Female,200.107.255.83
525,Edvard,Klug,eklugek@nba.com,Non-binary,194.192.185.220
526,Marlie,Idiens,midiensel@wired.com,Female,27.204.226.149
527,Wilbur,Mortlock,wmortlockem@mediafire.com,Male,104.102.128.211
528,Clevie,Pyner,cpyneren@google.cn,Polygender,141.193.147.37
529,Archibaldo,Surmon,asurmoneo@amazonaws.com,Bigender,76.97.143.124
530,Sioux,Grichukhin,sgrichukhinep@miibeian.gov.cn,Female,101.0.178.213
531,Drusy,Martindale,dmartindaleeq@google.com.au,Female,217.133.5.98
532,Hyacinthia,Filimore,hfilimoreer@home.pl,Female,98.53.249.117
533,Pier,Ruger,prugeres@rakuten.co.jp,Female,43.243.153.114
534,Hervey,Lovering,hloveringet@wordpress.org,Male,97.108.121.188
535,Loy,Upjohn,lupjohneu@chronoengine.com,Male,159.225.63.136
536,Glynn,Lapworth,glapworthev@epa.gov,Male,13.206.153.2
537,Maximo,Naylor,mnaylorew@huffingtonpost.com,Male,112.8.130.185
538,Vachel,Jacox,vjacoxex@sohu.com,Male,163.254.220.86
539,Lisetta,Sewards,lsewardsey@uol.com.br,Female,18.243.119.250
540,Hermann,Bramstom,hbramstomez@yellowpages.com,Male,188.220.92.44
541,Kyrstin,Booler,kboolerf0@un.org,Female,127.254.212.90
542,Hyacinth,Hanford,hhanfordf1@cdbaby.com,Female,149.121.209.247
543,Keary,Hainey`,khaineyf2@yolasite.com,Male,83.231.1.110
544,Lucienne,Smedley,lsmedleyf3@unc.edu,Female,241.168.187.171
545,Hurley,Eicke,heickef4@instagram.com,Male,24.183.165.197
546,Karoline,Kembley,kkembleyf5@mlb.com,Female,238.183.65.0
547,Gavan,Bullivant,gbullivantf6@yale.edu,Male,212.103.234.2
548,Rodie,Borton,rbortonf7@webeden.co.uk,Female,176.115.242.183
549,Wat,Poxton,wpoxtonf8@domainmarket.com,Male,214.147.197.173
550,Deni,Kinson,dkinsonf9@wikipedia.org,Female,117.137.189.85
551,Alli,Kersting,akerstingfa@tumblr.com,Female,61.62.174.190
552,Moise,Slesser,mslesserfb@nih.gov,Male,72.245.161.58
553,Tibold,McGiven,tmcgivenfc@typepad.com,Male,98.45.1.64
554,Cobbie,Lamperd,clamperdfd@devhub.com,Male,186.145.175.209
555,Barty,Iowarch,biowarchfe@techcrunch.com,Male,11.39.64.32
556,Daryle,Cordeiro,dcordeiroff@virginia.edu,Male,251.69.187.104
557,Duky,Lismer,dlismerfg@uol.com.br,Male,221.187.226.79
558,Ernie,Golden,egoldenfh@amazon.co.uk,Male,26.195.186.248
559,Pippa,Shaplin,pshaplinfi@abc.net.au,Female,164.125.39.175
560,Geri,Brightman,gbrightmanfj@ameblo.jp,Female,103.192.242.175
561,Scot,Van Geffen,svangeffenfk@who.int,Male,16.244.239.111
562,Wildon,Pinkie,wpinkiefl@umich.edu,Male,115.39.5.51
563,Lenore,Goodale,lgoodalefm@reference.com,Female,102.177.38.45
564,Frayda,Beslier,fbeslierfn@ezinearticles.com,Female,201.137.233.242
565,Rafaelita,Cloute,rcloutefo@mapquest.com,Female,40.137.59.77
566,Nolana,de Almeida,ndealmeidafp@webeden.co.uk,Female,167.230.180.100
567,Welch,Denmead,wdenmeadfq@liveinternet.ru,Male,62.142.34.233
568,Elsey,Jiras,ejirasfr@jimdo.com,Female,221.161.113.51
569,Bobbi,Outridge,boutridgefs@blinklist.com,Female,11.122.112.142
570,Rickie,Meus,rmeusft@dropbox.com,Male,229.94.192.255
571,Margalit,Roxby,mroxbyfu@springer.com,Female,136.60.65.82
572,Jed,Heustice,jheusticefv@latimes.com,Male,92.164.118.83
573,Klarrisa,Aggas,kaggasfw@mac.com,Female,122.155.94.101
574,Joya,Pengilley,jpengilleyfx@blinklist.com,Female,22.171.143.164
575,Udall,Lorain,ulorainfy@noaa.gov,Male,108.27.70.30
576,Dorotea,Lytlle,dlytllefz@census.gov,Female,146.105.250.60
577,Nathanael,Entwhistle,nentwhistleg0@clickbank.net,Male,59.220.147.155
578,Humfrid,Andres,handresg1@unesco.org,Male,225.159.159.61
579,Mellisa,Seston,msestong2@baidu.com,Female,50.17.111.65
580,Tally,Hallowes,thallowesg3@omniture.com,Female,161.175.245.179
581,Clayborn,Joskowitz,cjoskowitzg4@state.tx.us,Male,190.218.206.156
582,Kendricks,Holttom,kholttomg5@deviantart.com,Male,123.194.157.213
583,Abbey,Hesbrook,ahesbrookg6@sitemeter.com,Female,195.222.167.8
584,Rog,Gaul,rgaulg7@state.tx.us,Polygender,10.187.203.96
585,Granger,Grodden,ggroddeng8@dropbox.com,Male,178.216.59.237
586,Jannelle,Stubley,jstubleyg9@java.com,Female,79.49.69.86
587,Penn,Matschuk,pmatschukga@ucsd.edu,Male,251.51.77.193
588,Boyd,Cortes,bcortesgb@discuz.net,Male,162.206.55.127
589,Lutero,Chippendale,lchippendalegc@vinaora.com,Male,97.182.225.141
590,Sebastien,Dewdney,sdewdneygd@cargocollective.com,Male,157.102.216.6
591,Cornall,Eam,ceamge@nymag.com,Male,93.204.19.87
592,Galina,Sleicht,gsleichtgf@jalbum.net,Female,108.153.244.4
593,Bancroft,Viggers,bviggersgg@dailymail.co.uk,Male,33.86.104.210
594,Flin,Batson,fbatsongh@weibo.com,Male,174.160.180.91
595,Veronique,Vernazza,vvernazzagi@elpais.com,Female,5.159.78.62
596,Bette-ann,O'Keeffe,bokeeffegj@multiply.com,Female,183.67.231.182
597,Shaine,Yanele,syanelegk@dagondesign.com,Female,84.217.129.173
598,Pablo,Peach,ppeachgl@europa.eu,Male,229.195.32.64
599,Sharai,Seagar,sseagargm@printfriendly.com,Female,135.81.60.108
600,Wendy,Barbie,wbarbiegn@ustream.tv,Female,17.57.230.153
601,Jocko,Keasey,jkeaseygo@cyberchimps.com,Male,223.150.109.92
602,Rebeka,Havile,rhavilegp@free.fr,Female,95.5.116.96
603,Van,MacKettrick,vmackettrickgq@exblog.jp,Male,232.12.119.173
604,Hanni,Matthis,hmatthisgr@marketwatch.com,Female,91.253.113.47
605,Blair,Sivyer,bsivyergs@4shared.com,Female,242.189.164.83
606,Stuart,Walaron,swalarongt@va.gov,Male,182.8.240.242
607,Wadsworth,Greet,wgreetgu@storify.com,Male,226.25.219.233
608,Dill,Dilston,ddilstongv@ox.ac.uk,Male,31.204.170.77
609,Marylee,Pinnere,mpinneregw@unesco.org,Female,135.227.143.40
610,Rufe,Macilhench,rmacilhenchgx@cdbaby.com,Male,63.146.211.89
611,Neala,Deighan,ndeighangy@businessinsider.com,Female,252.221.41.221
612,Caresa,Bachellier,cbachelliergz@netlog.com,Female,21.190.182.253
613,Linn,Fayers,lfayersh0@feedburner.com,Male,138.197.224.245
614,Tymon,Godsal,tgodsalh1@geocities.jp,Male,100.166.75.55
615,Enrica,Petronis,epetronish2@zimbio.com,Female,249.44.143.80
616,Tomas,Cavell,tcavellh3@shinystat.com,Male,120.22.5.93
617,Sully,Vlasenko,svlasenkoh4@nbcnews.com,Male,205.54.44.63
618,Mason,Dot,mdoth5@newyorker.com,Polygender,127.225.208.228
619,Mychal,Orable,morableh6@surveymonkey.com,Male,44.242.106.219
620,Mick,Skeene,mskeeneh7@mit.edu,Male,83.122.149.93
621,Giles,Garnson,ggarnsonh8@free.fr,Male,73.90.189.212
622,Sarge,Ibbs,sibbsh9@edublogs.org,Male,57.112.146.152
623,Lynette,Barfield,lbarfieldha@miitbeian.gov.cn,Female,233.50.123.5
624,Dayna,Pafford,dpaffordhb@arizona.edu,Female,134.172.90.140
625,Carmina,Semiras,csemirashc@bbc.co.uk,Female,59.121.88.41
626,Minny,Spohr,mspohrhd@homestead.com,Female,190.93.95.80
627,Mordecai,Gilfillan,mgilfillanhe@about.me,Male,222.241.246.188
628,Garwin,Nolli,gnollihf@comcast.net,Male,231.70.109.6
629,Henryetta,Exposito,hexpositohg@exblog.jp,Female,206.243.252.66
630,Ryann,Spaven,rspavenhh@addthis.com,Female,30.23.248.194
631,Hastings,Francescone,hfrancesconehi@aol.com,Male,65.43.6.9
632,Terri,Ruppel,truppelhj@yolasite.com,Male,174.182.26.189
633,Kristofer,Barbara,kbarbarahk@studiopress.com,Male,80.148.117.56
634,Matthaeus,McDougle,mmcdouglehl@nationalgeographic.com,Male,123.9.20.252
635,Brent,St. Ledger,bstledgerhm@hugedomains.com,Male,8.174.42.222
636,Myrtice,O'Hern,mohernhn@telegraph.co.uk,Female,189.242.117.182
637,Brew,Donisthorpe,bdonisthorpeho@comsenz.com,Male,77.235.157.147
638,Ernesto,Rembaud,erembaudhp@blogtalkradio.com,Male,158.116.16.145
639,Konstanze,Hallford,khallfordhq@sciencedaily.com,Female,189.116.116.204
640,Frederique,Forte,ffortehr@unicef.org,Female,72.51.77.212
641,Abbi,Brockelsby,abrockelsbyhs@bloomberg.com,Female,84.130.2.153
642,Phillis,Teape,pteapeht@networkadvertising.org,Female,128.229.0.4
643,Frazier,Coventon,fcoventonhu@seattletimes.com,Male,144.38.13.151
644,Jordana,Jonin,jjoninhv@reference.com,Female,192.168.25.103
645,Nahum,Sousa,nsousahw@seesaa.net,Non-binary,38.32.74.15
646,Roley,Ingraham,ringrahamhx@so-net.ne.jp,Male,90.54.48.202
647,Buckie,Dearlove,bdearlovehy@dagondesign.com,Male,182.43.185.202
648,Ninnette,Giraldez,ngiraldezhz@arizona.edu,Female,170.181.167.94
649,Florry,Bruni,fbrunii0@berkeley.edu,Female,167.242.189.41
650,Garrot,Sustins,gsustinsi1@chicagotribune.com,Male,122.252.121.68
651,Claiborne,Wordington,cwordingtoni2@cmu.edu,Male,234.218.128.189
652,Lisbeth,Pawelke,lpawelkei3@imdb.com,Female,222.111.170.217
653,Brendis,Chave,bchavei4@fc2.com,Male,75.116.137.183
654,Abba,Demonge,ademongei5@bandcamp.com,Male,72.244.56.18
655,Adelice,Snipe,asnipei6@cloudflare.com,Female,210.201.243.142
656,Leupold,Smieton,lsmietoni7@bbc.co.uk,Male,152.41.158.152
657,El,Steddall,esteddalli8@stanford.edu,Polygender,101.113.138.10
658,Meyer,Offield,moffieldi9@csmonitor.com,Male,91.226.209.16
659,Melvyn,Whistan,mwhistania@samsung.com,Male,100.178.51.158
660,Raleigh,Quartly,rquartlyib@networkadvertising.org,Male,153.222.205.65
661,Enrica,Dayer,edayeric@mediafire.com,Female,167.71.42.179
662,Cloe,Lehemann,clehemannid@i2i.jp,Female,125.254.74.120
663,Delainey,Wayland,dwaylandie@youtu.be,Male,91.170.240.204
664,Carolan,Cornewell,ccornewellif@cmu.edu,Female,167.237.91.100
665,Jedd,Robertelli,jrobertelliig@zimbio.com,Male,171.139.21.100
666,Patrick,Birkenshaw,pbirkenshawih@theglobeandmail.com,Male,249.135.143.72
667,Robinett,Etridge,retridgeii@archive.org,Female,220.80.84.236
668,Norris,McTerrelly,nmcterrellyij@jimdo.com,Male,46.201.238.70
669,Axel,Mattke,amattkeik@reverbnation.com,Male,51.6.109.239
670,Twyla,Sowley,tsowleyil@digg.com,Female,116.126.6.130
671,Gwenny,Marte,gmarteim@toplist.cz,Female,56.170.125.154
672,Roosevelt,Lyffe,rlyffein@nps.gov,Male,140.88.47.4
673,Benjy,O'Scandall,boscandallio@sogou.com,Male,154.221.197.126
674,Alphonse,Bolte,abolteip@netvibes.com,Male,36.161.87.102
675,Craggy,Gleadhell,cgleadhelliq@nifty.com,Male,59.55.111.79
676,Jacqui,Annable,jannableir@is.gd,Female,34.40.12.88
677,Ash,Garlicke,agarlickeis@canalblog.com,Male,126.9.11.77
678,Alic,Marre,amarreit@wikia.com,Male,79.81.198.157
679,Kaine,Hick,khickiu@boston.com,Male,179.58.95.3
680,Aluin,Marlor,amarloriv@examiner.com,Male,88.207.99.162
681,Aron,Lowater,alowateriw@moonfruit.com,Male,85.59.188.52
682,Halsy,Broadist,hbroadistix@usgs.gov,Male,29.130.122.117
683,Worth,Roles,wrolesiy@shop-pro.jp,Male,96.44.78.138
684,Helsa,Talbot,htalbotiz@yahoo.co.jp,Female,50.93.30.179
685,Lauralee,Musprat,lmuspratj0@i2i.jp,Female,13.13.143.17
686,Guillaume,Chue,gchuej1@va.gov,Male,176.31.202.217
687,Cristen,Bendix,cbendixj2@mozilla.org,Female,246.35.199.226
688,Cobb,Alberts,calbertsj3@sbwire.com,Male,25.22.28.119
689,Chen,Diperaus,cdiperausj4@nih.gov,Male,21.241.45.170
690,Todd,Daviddi,tdaviddij5@google.ru,Genderfluid,196.17.99.33
691,Arlinda,Hodgets,ahodgetsj6@bloglines.com,Female,48.10.56.165
692,Culley,Di Maggio,cdimaggioj7@godaddy.com,Male,200.27.247.196
693,Banky,Brandrick,bbrandrickj8@about.me,Non-binary,195.43.189.234
694,Roddie,Aleksankin,raleksankinj9@prlog.org,Male,102.181.64.24
695,Liva,Fairfull,lfairfullja@ed.gov,Female,126.112.154.81
696,Cahra,Jewitt,cjewittjb@mysql.com,Female,245.165.236.249
697,Janenna,Jephson,jjephsonjc@usnews.com,Female,195.119.183.213
698,Georgi,McTavy,gmctavyjd@facebook.com,Male,99.48.14.105
699,Leigh,Sturch,lsturchje@delicious.com,Male,63.183.252.164
700,Tiffanie,Ballsdon,tballsdonjf@netscape.com,Female,127.194.125.22
701,Elianora,Donkersley,edonkersleyjg@exblog.jp,Bigender,25.125.30.18
702,Darill,Cunnane,dcunnanejh@disqus.com,Male,53.245.44.44
703,Cathryn,Deeman,cdeemanji@webnode.com,Female,153.4.16.196
704,Price,Kynnd,pkynndjj@eventbrite.com,Male,35.15.85.149
705,Camile,Faires,cfairesjk@nyu.edu,Female,48.170.211.86
706,Margarethe,Halbord,mhalbordjl@quantcast.com,Female,183.246.192.237
707,Tim,Kennea,tkenneajm@tamu.edu,Male,132.149.153.194
708,Debee,Cocke,dcockejn@china.com.cn,Female,117.251.29.215
709,Thornton,Cartmail,tcartmailjo@histats.com,Male,52.67.221.219
710,Granville,Grote,ggrotejp@oaic.gov.au,Male,93.84.35.248
711,Dasi,Knottley,dknottleyjq@fc2.com,Female,35.246.78.67
712,Venus,Shillingford,vshillingfordjr@stumbleupon.com,Female,148.41.196.165
713,Jerrome,Eppson,jeppsonjs@seattletimes.com,Male,77.92.201.77
714,Claudia,Clackson,cclacksonjt@storify.com,Female,155.135.150.185
715,Gian,Olliver,golliverju@histats.com,Male,17.148.168.100
716,Carena,Breton,cbretonjv@mac.com,Female,115.38.99.7
717,Hilde,Harpur,hharpurjw@businessweek.com,Female,4.108.71.64
718,Darby,Rowlatt,drowlattjx@army.mil,Male,200.6.188.213
719,Ollie,Coulston,ocoulstonjy@multiply.com,Female,38.223.148.192
720,Gwenneth,Cornelleau,gcornelleaujz@princeton.edu,Female,121.214.94.142
721,Kelcey,Cutchey,kcutcheyk0@acquirethisname.com,Female,124.216.88.190
722,Ward,Muncey,wmunceyk1@un.org,Male,59.191.132.159
723,Janice,Priel,jprielk2@sourceforge.net,Female,199.237.79.176
724,Torrie,Dolligon,tdolligonk3@npr.org,Female,107.132.25.204
725,Waly,Snarie,wsnariek4@marketwatch.com,Female,111.105.109.72
726,Petunia,Tadgell,ptadgellk5@businessinsider.com,Female,183.218.78.64
727,Carie,Chessill,cchessillk6@xinhuanet.com,Female,11.239.226.127
728,Datha,Swayne,dswaynek7@twitpic.com,Female,84.212.114.223
729,Stevy,Humfrey,shumfreyk8@kickstarter.com,Male,186.168.253.184
730,Friederike,Glassman,fglassmank9@biblegateway.com,Female,211.130.166.27
731,Devina,Nashe,dnasheka@businessweek.com,Female,168.99.72.21
732,Adella,Ochterlonie,aochterloniekb@topsy.com,Female,83.49.81.194
733,Mabelle,Hoxey,mhoxeykc@dagondesign.com,Female,23.252.139.21
734,Kain,Helwig,khelwigkd@people.com.cn,Male,88.154.98.220
735,Townsend,Parramore,tparramoreke@youtu.be,Male,178.130.196.113
736,Isahella,Akker,iakkerkf@posterous.com,Female,163.144.208.76
737,Zara,Wooff,zwooffkg@virginia.edu,Female,132.98.125.93
738,Dimitri,Cadagan,dcadagankh@jigsy.com,Male,98.38.90.167
739,Angy,Akroyd,aakroydki@cdbaby.com,Female,105.32.153.145
740,Payton,Toward,ptowardkj@51.la,Male,33.5.3.181
741,Aloin,Espy,aespykk@sina.com.cn,Male,59.6.62.212
742,Lisa,Scouller,lscoullerkl@answers.com,Female,195.190.157.239
743,Elliot,Peppard,epeppardkm@jiathis.com,Male,234.85.228.193
744,Wynny,Piolli,wpiollikn@behance.net,Female,105.23.228.237
745,Jada,Ends,jendsko@netvibes.com,Female,73.65.7.114
746,Judy,Kellart,jkellartkp@tinyurl.com,Female,250.58.213.139
747,Hewitt,Brittoner,hbrittonerkq@usatoday.com,Male,201.179.104.174
748,Mayor,Borthe,mborthekr@over-blog.com,Male,52.253.108.17
749,Aubrie,Stobbe,astobbeks@theguardian.com,Female,129.58.162.103
750,Estel,Wyvill,ewyvillkt@blinklist.com,Female,116.22.226.195
751,Angy,Troillet,atroilletku@spotify.com,Female,216.178.174.168
752,Stephani,Hauck,shauckkv@edublogs.org,Bigender,44.136.143.131
753,Desmund,Bontoft,dbontoftkw@wikia.com,Male,207.25.155.0
754,Egbert,Novotna,enovotnakx@latimes.com,Male,117.119.226.1
755,Marget,Longfellow,mlongfellowky@ovh.net,Female,126.174.64.68
756,Faustina,O'Sheils,fosheilskz@infoseek.co.jp,Female,253.165.28.20
757,Hasty,Cuvley,hcuvleyl0@cdc.gov,Male,57.75.201.247
758,Stanleigh,Spyvye,sspyvyel1@networkadvertising.org,Male,177.152.140.55
759,Edeline,Scapens,escapensl2@nifty.com,Female,152.214.79.154
760,Crosby,Stainton,cstaintonl3@about.me,Male,235.221.143.36
761,Andre,Finicj,afinicjl4@smugmug.com,Male,83.232.188.202
762,Gawen,Daulby,gdaulbyl5@ed.gov,Male,175.156.101.73
763,Udall,Couve,ucouvel6@51.la,Agender,244.230.169.252
764,Christopher,Cathro,ccathrol7@sbwire.com,Male,224.8.135.53
765,Ezra,Maddie,emaddiel8@bizjournals.com,Male,227.31.233.230
766,Hedwig,Deavall,hdeavalll9@java.com,Female,14.155.163.205
767,Theresa,McFaul,tmcfaulla@bbb.org,Female,144.224.186.19
768,Clywd,Callan,ccallanlb@oracle.com,Male,33.23.209.121
769,Alphonso,Oddie,aoddielc@google.es,Male,252.137.39.16
770,Clint,Bowld,cbowldld@cloudflare.com,Male,63.125.15.26
771,Elladine,Carff,ecarffle@huffingtonpost.com,Female,38.161.169.235
772,Marshall,Botha,mbothalf@behance.net,Male,68.192.108.63
773,Cybill,Kupke,ckupkelg@flickr.com,Female,10.167.20.107
774,Valentin,Plant,vplantlh@hhs.gov,Male,149.58.1.9
775,Lelia,Orrin,lorrinli@instagram.com,Female,240.81.129.187
776,Violet,Wanklin,vwanklinlj@wufoo.com,Female,51.105.236.9
777,Matelda,Abrehart,mabrehartlk@ox.ac.uk,Female,250.108.238.237
778,Henderson,Kubes,hkubesll@wp.com,Male,230.220.25.141
779,Hedy,Robley,hrobleylm@discuz.net,Female,31.209.150.38
780,Latrena,Nast,lnastln@dell.com,Female,68.62.61.170
781,Huntlee,Sutor,hsutorlo@live.com,Male,167.54.143.13
782,Virgil,Borkett,vborkettlp@posterous.com,Male,30.130.187.135
783,Mychal,Dunniom,mdunniomlq@myspace.com,Male,179.71.119.179
784,Adina,Bumphrey,abumphreylr@google.pl,Female,24.172.32.63
785,Filmore,Linner,flinnerls@rakuten.co.jp,Male,106.128.12.191
786,Laurie,Ellerman,lellermanlt@rambler.ru,Female,18.245.99.43
787,Sol,Angless,sanglesslu@mozilla.com,Male,249.72.94.36
788,Dick,D'Alessandro,ddalessandrolv@ucoz.ru,Male,71.205.199.211
789,Lisetta,De Matteis,ldematteislw@lulu.com,Female,14.199.177.189
790,Nichol,Peake,npeakelx@dmoz.org,Female,109.251.117.171
791,John,Domek,jdomekly@prlog.org,Male,202.150.200.84
792,Tyne,Yair,tyairlz@4shared.com,Female,4.176.133.192
793,Anastassia,Kerwen,akerwenm0@house.gov,Female,45.221.182.137
794,Sophey,Perillo,sperillom1@scribd.com,Female,92.16.152.235
795,Lorilee,Howard,lhowardm2@google.co.uk,Female,190.160.82.0
796,Mathew,Labuschagne,mlabuschagnem3@tinypic.com,Male,23.155.207.254
797,Harmon,Rothman,hrothmanm4@jalbum.net,Male,187.49.123.14
798,Candis,Gabey,cgabeym5@tuttocitta.it,Female,48.131.250.71
799,Greta,Geard,ggeardm6@yolasite.com,Female,158.29.64.162
800,Twila,Learoyde,tlearoydem7@topsy.com,Female,142.219.98.201
801,Hayes,Fridaye,hfridayem8@msu.edu,Male,57.76.143.15
802,Neddy,Albasiny,nalbasinym9@typepad.com,Male,57.56.238.128
803,Jade,Zotto,jzottoma@techcrunch.com,Female,36.87.182.223
804,Stanton,Gamet,sgametmb@google.de,Male,255.64.155.238
805,Flo,Tommasuzzi,ftommasuzzimc@yahoo.com,Female,69.152.190.162
806,Vitoria,Kattenhorn,vkattenhornmd@ezinearticles.com,Female,168.101.158.45
807,Roana,Colliard,rcolliardme@phpbb.com,Female,21.50.129.49
808,Sharon,Kobke,skobkemf@instagram.com,Female,35.126.104.130
809,Matias,Campe,mcampemg@typepad.com,Male,93.177.107.130
810,Belva,Kelberman,bkelbermanmh@si.edu,Female,111.157.115.27
811,Dorris,Cavaney,dcavaneymi@instagram.com,Female,107.133.6.76
812,Sayre,Karslake,skarslakemj@zdnet.com,Female,247.39.59.92
813,Harvey,Hegley,hhegleymk@patch.com,Male,56.97.185.185
814,Melany,Gawn,mgawnml@arizona.edu,Female,179.202.108.247
815,Kelsy,Cominotti,kcominottimm@pen.io,Female,191.190.225.232
816,Cathi,Bayston,cbaystonmn@mapy.cz,Female,98.192.155.77
817,Ced,Lowater,clowatermo@qq.com,Male,215.14.31.24
818,Tabbi,Petrello,tpetrellomp@boston.com,Female,75.174.30.197
819,Camella,Licari,clicarimq@cbsnews.com,Female,94.183.122.186
820,Murdoch,Guthrie,mguthriemr@etsy.com,Male,150.181.133.61
821,Evangeline,Tick,etickms@intel.com,Female,110.27.225.240
822,Luelle,Ryrie,lryriemt@dropbox.com,Female,219.203.191.230
823,Cly,Rigmand,crigmandmu@pen.io,Male,60.237.78.148
824,Laurice,Dunn,ldunnmv@economist.com,Female,37.253.70.172
825,Gregory,Toy,gtoymw@amazon.de,Male,128.64.109.161
826,Terri,Spriggin,tsprigginmx@go.com,Polygender,206.140.73.185
827,Eward,Swatridge,eswatridgemy@amazon.co.jp,Male,185.169.57.251
828,Julie,Jurczak,jjurczakmz@walmart.com,Agender,177.104.98.252
829,Charmain,Apedaile,capedailen0@studiopress.com,Female,199.140.117.96
830,Dode,Gouley,dgouleyn1@berkeley.edu,Bigender,247.180.146.52
831,Patsy,Jeaneau,pjeaneaun2@is.gd,Male,138.70.135.2
832,Claudia,Rainsbury,crainsburyn3@google.it,Female,170.68.68.55
833,Arlinda,Doble,adoblen4@tinyurl.com,Female,210.183.47.60
834,Shelli,Kadwallider,skadwallidern5@themeforest.net,Female,86.35.23.126
835,Melosa,Botcherby,mbotcherbyn6@globo.com,Female,133.241.56.218
836,Wheeler,Ginty,wgintyn7@goo.ne.jp,Male,96.197.150.26
837,Clemente,Barham,cbarhamn8@globo.com,Agender,13.134.40.200
838,Amii,Baumler,abaumlern9@tripadvisor.com,Female,142.101.213.118
839,Bellina,Phillimore,bphillimorena@mlb.com,Female,58.210.214.47
840,Christian,Doog,cdoognb@ted.com,Male,251.236.147.131
841,Valentine,Tyreman,vtyremannc@cnet.com,Male,179.190.123.96
842,Harp,Geke,hgekend@bloglovin.com,Male,177.29.123.240
843,Gail,Wellbelove,gwellbelovene@csmonitor.com,Female,233.255.108.162
844,Tobie,Rolfi,trolfinf@rakuten.co.jp,Male,126.57.137.109
845,Naomi,Tee,nteeng@arizona.edu,Female,108.240.172.176
846,Marlon,Mobley,mmobleynh@bbc.co.uk,Male,220.35.117.238
847,Eben,McAlester,emcalesterni@quantcast.com,Male,239.120.90.191
848,Flin,Nissle,fnisslenj@howstuffworks.com,Male,149.57.47.238
849,Kamilah,Dearing,kdearingnk@ox.ac.uk,Female,60.55.63.84
850,Charita,Blaby,cblabynl@ning.com,Agender,158.156.112.192
851,Rodina,Gosby,rgosbynm@cam.ac.uk,Female,142.170.204.133
852,Giacomo,Jannasch,gjannaschnn@indiatimes.com,Agender,215.104.115.13
853,Vasilis,McIan,vmcianno@yellowbook.com,Polygender,130.128.15.161
854,Murray,Kabos,mkabosnp@plala.or.jp,Male,78.149.159.129
855,Valeda,Lothean,vlotheannq@home.pl,Female,9.163.254.36
856,Angelika,Melling,amellingnr@squarespace.com,Female,105.50.229.138
857,Bee,Buddington,bbuddingtonns@dedecms.com,Female,50.10.126.73
858,Modesta,Gonet,mgonetnt@wufoo.com,Female,46.235.156.73
859,Laird,Nathan,lnathannu@stumbleupon.com,Male,183.0.93.168
860,Wright,Conman,wconmannv@samsung.com,Male,247.55.177.124
861,Nikaniki,Caulket,ncaulketnw@mediafire.com,Female,238.19.119.49
862,Jereme,Hadaway,jhadawaynx@networksolutions.com,Male,133.198.218.154
863,Steffi,Bavin,sbavinny@naver.com,Female,76.161.130.189
864,Claire,Woodcroft,cwoodcroftnz@theglobeandmail.com,Female,173.255.73.30
865,Jorey,Balwin,jbalwino0@wiley.com,Female,193.139.81.49
866,Alfy,Ellingford,aellingfordo1@trellian.com,Genderfluid,90.175.125.67
867,Abe,Rookes,arookeso2@ebay.com,Male,244.108.179.84
868,Tadeas,MacNockater,tmacnockatero3@dion.ne.jp,Male,98.76.4.154
869,Shelli,Cheatle,scheatleo4@storify.com,Female,166.34.228.47
870,Kipp,D'Enrico,kdenricoo5@sciencedaily.com,Female,104.158.64.32
871,Jackquelin,Drewett,jdrewetto6@examiner.com,Female,147.30.176.249
872,Ollie,Zanolli,ozanollio7@google.nl,Female,169.213.189.48
873,Nicol,Camp,ncampo8@pinterest.com,Female,132.45.185.179
874,Piotr,Odgers,podgerso9@stumbleupon.com,Male,28.87.26.166
875,Jameson,Doorey,jdooreyoa@samsung.com,Male,172.156.207.204
876,Lars,O'Fogarty,lofogartyob@newsvine.com,Male,120.92.57.12
877,Selie,Aberkirder,saberkirderoc@xing.com,Non-binary,229.107.227.9
878,Peria,Thyer,pthyerod@google.co.jp,Female,77.50.184.72
879,Kevin,Jouen,kjouenoe@hatena.ne.jp,Male,159.254.95.194
880,Katie,Clymo,kclymoof@opera.com,Female,156.213.199.11
881,Kathlin,Gaul,kgaulog@google.ca,Female,157.91.140.90
882,Robinet,Whitear,rwhitearoh@blogspot.com,Female,102.172.79.243
883,Dody,Menchenton,dmenchentonoi@over-blog.com,Female,127.97.80.114
884,Kingsly,Knobell,kknobelloj@hibu.com,Male,146.74.167.96
885,Bradan,Copelli,bcopelliok@dedecms.com,Male,66.57.196.182
886,Leonie,Rotge,lrotgeol@umich.edu,Female,142.124.175.235
887,Rhea,Beal,rbealom@wufoo.com,Female,78.103.92.163
888,Grange,Leroux,glerouxon@delicious.com,Male,19.173.13.195
889,Whitney,Galland,wgallandoo@prlog.org,Male,229.228.191.96
890,Christiano,Nice,cniceop@prnewswire.com,Male,136.231.51.228
891,Reginald,Tillett,rtillettoq@studiopress.com,Male,123.167.245.158
892,Delly,Classen,dclassenor@businesswire.com,Female,108.233.239.243
893,Jakie,Dincey,jdinceyos@yale.edu,Male,40.150.96.146
894,Mendie,Kores,mkoresot@paginegialle.it,Male,110.208.97.127
895,Brannon,Lonergan,blonerganou@wisc.edu,Male,125.119.254.78
896,Cullie,Phillimore,cphillimoreov@seesaa.net,Male,209.228.56.189
897,Millie,Headland,mheadlandow@blinklist.com,Female,100.75.77.9
898,Lizzy,Gerry,lgerryox@liveinternet.ru,Female,69.143.112.137
899,Claudianus,Rudloff,crudloffoy@github.com,Male,23.73.97.229
900,Oliver,Swinbourne,oswinbourneoz@shinystat.com,Male,40.115.220.27
901,Chic,Nolte,cnoltep0@imgur.com,Male,118.164.235.166
902,Gauthier,Casaroli,gcasarolip1@samsung.com,Male,28.230.171.250
903,Henrietta,Cardoo,hcardoop2@time.com,Female,244.136.104.55
904,Yetta,Gather,ygatherp3@adobe.com,Female,127.82.100.54
905,Malvin,Amos,mamosp4@redcross.org,Male,101.88.202.22
906,Aldo,Koppens,akoppensp5@lulu.com,Male,4.74.88.7
907,Wally,Revel,wrevelp6@kickstarter.com,Female,145.86.10.104
908,Alexa,Cowing,acowingp7@tmall.com,Female,201.204.250.153
909,Loree,Handscombe,lhandscombep8@ameblo.jp,Female,197.16.229.20
910,Revkah,Aisthorpe,raisthorpep9@amazon.co.jp,Female,106.253.230.15
911,Talyah,Wadesworth,twadesworthpa@dmoz.org,Female,194.84.137.39
912,Jervis,Clapson,jclapsonpb@etsy.com,Male,82.40.209.58
913,Tomkin,Almon,talmonpc@sina.com.cn,Male,172.148.147.78
914,Huey,Tidbold,htidboldpd@slideshare.net,Male,171.174.139.139
915,Rivkah,Woodger,rwoodgerpe@123-reg.co.uk,Female,110.93.207.156
916,Tyler,Taylo,ttaylopf@ovh.net,Non-binary,147.46.110.16
917,Ulrike,Petrescu,upetrescupg@nbcnews.com,Female,250.209.157.193
918,Orsola,Tebboth,otebbothph@webs.com,Female,50.105.110.249
919,Serge,Lawleff,slawleffpi@census.gov,Male,236.0.31.227
920,Nate,Whieldon,nwhieldonpj@hud.gov,Male,227.159.129.85
921,Beatrisa,Stabbins,bstabbinspk@chronoengine.com,Female,111.119.187.57
922,Ramon,Puttick,rputtickpl@topsy.com,Male,236.130.238.116
923,Cinda,Epinay,cepinaypm@merriam-webster.com,Genderqueer,233.246.144.151
924,Joyce,Redler,jredlerpn@google.es,Female,27.118.219.153
925,Hinda,Pomphrey,hpomphreypo@cdc.gov,Female,119.222.15.223
926,Ede,Ewings,eewingspp@cbsnews.com,Female,231.222.117.59
927,Eden,Sockell,esockellpq@vk.com,Female,246.158.197.2
928,Charlotte,Ripper,cripperpr@posterous.com,Female,246.131.72.40
929,Nehemiah,Sprionghall,nsprionghallps@sina.com.cn,Male,211.132.232.180
930,Bryanty,Blowing,bblowingpt@newyorker.com,Male,50.123.232.109
931,Boyce,Trenear,btrenearpu@pagesperso-orange.fr,Male,21.197.120.227
932,Diannne,Mortel,dmortelpv@vistaprint.com,Non-binary,116.97.157.164
933,Amelina,Cloughton,acloughtonpw@spotify.com,Female,230.251.198.84
934,Duky,Haighton,dhaightonpx@so-net.ne.jp,Male,57.88.119.35
935,Tarah,Alyonov,talyonovpy@drupal.org,Female,90.126.43.222
936,Willy,Revelle,wrevellepz@discuz.net,Genderqueer,196.47.161.83
937,Omero,Benfell,obenfellq0@yelp.com,Male,19.83.118.254
938,Elie,Babst,ebabstq1@unc.edu,Female,35.176.19.131
939,Hollyanne,Sivewright,hsivewrightq2@feedburner.com,Genderqueer,90.112.121.146
940,Isobel,Raithbie,iraithbieq3@virginia.edu,Female,33.153.225.105
941,Suzanna,Gorhardt,sgorhardtq4@europa.eu,Genderqueer,138.135.62.58
942,Rona,Yakobowitch,ryakobowitchq5@nyu.edu,Female,172.147.244.12
943,Ericha,Lemary,elemaryq6@craigslist.org,Female,255.9.88.45
944,Jacquelin,Rubke,jrubkeq7@clickbank.net,Agender,199.138.55.233
945,Hilarius,Keene,hkeeneq8@yolasite.com,Male,92.71.195.184
946,Davida,Lewerenz,dlewerenzq9@cnbc.com,Female,141.242.212.70
947,Cindra,Laytham,claythamqa@bloomberg.com,Female,91.197.207.15
948,Filberte,Strank,fstrankqb@youtube.com,Male,32.8.209.111
949,Hillie,Baraclough,hbaracloughqc@angelfire.com,Male,122.107.219.4
950,Carlita,Twinning,ctwinningqd@google.ru,Female,191.14.187.160
951,Adrian,Aubrun,aaubrunqe@php.net,Female,88.169.164.71
952,Meggie,Andersch,manderschqf@about.com,Female,10.59.84.226
953,Alice,Quartley,aquartleyqg@unicef.org,Female,152.125.68.14
954,Odette,Akerman,oakermanqh@issuu.com,Genderfluid,170.240.79.117
955,Dirk,Breawood,dbreawoodqi@fotki.com,Male,61.11.39.17
956,Aguistin,Witty,awittyqj@mysql.com,Male,52.17.239.71
957,Arturo,Parley,aparleyqk@jigsy.com,Male,255.219.4.138
958,Spenser,Syres,ssyresql@studiopress.com,Agender,201.33.229.71
959,Kingsly,Buney,kbuneyqm@istockphoto.com,Male,4.106.209.146
960,Martguerita,Nutter,mnutterqn@tinypic.com,Female,149.138.120.176
961,Hamil,Llewelyn,hllewelynqo@fema.gov,Male,66.53.118.112
962,Blanca,Iglesias,biglesiasqp@amazon.de,Non-binary,100.84.224.77
963,Evan,Pilkington,epilkingtonqq@tmall.com,Male,223.247.72.77
964,Rosanne,Haquin,rhaquinqr@tuttocitta.it,Female,149.251.98.195
965,Maxine,Maestro,mmaestroqs@ucsd.edu,Female,198.231.160.165
966,Tim,Cardenas,tcardenasqt@vistaprint.com,Male,232.134.61.234
967,Irwin,Kells,ikellsqu@livejournal.com,Male,83.113.148.156
968,Keene,Snaith,ksnaithqv@biblegateway.com,Bigender,166.37.80.112
969,Pryce,Deviney,pdevineyqw@usda.gov,Male,108.62.134.214
970,Bevin,Lightbourn,blightbournqx@columbia.edu,Male,85.229.129.16
971,Elwyn,Donson,edonsonqy@home.pl,Male,92.247.170.244
972,Simon,Pinshon,spinshonqz@wikimedia.org,Male,181.46.114.32
973,Katti,Stembridge,kstembridger0@spotify.com,Female,59.242.19.202
974,Nat,Biggs,nbiggsr1@arstechnica.com,Male,213.221.112.115
975,Cy,Briggs,cbriggsr2@scientificamerican.com,Male,78.20.130.75
976,Moritz,Spitell,mspitellr3@prnewswire.com,Male,112.154.31.152
977,Selma,Hefford,sheffordr4@behance.net,Female,79.245.122.241
978,Anet,Bernardotti,abernardottir5@craigslist.org,Female,121.249.43.59
979,Ximenes,Masterman,xmastermanr6@cyberchimps.com,Male,159.61.149.192
980,Jackqueline,Piche,jpicher7@who.int,Female,89.106.250.135
981,Hildy,Pogue,hpoguer8@baidu.com,Female,73.248.94.54
982,Melamie,Dressel,mdresselr9@census.gov,Female,90.28.7.213
983,Banky,Packer,bpackerra@utexas.edu,Male,73.73.200.196
984,Laurie,Tomich,ltomichrb@flavors.me,Male,122.42.59.253
985,Paule,Talby,ptalbyrc@shutterfly.com,Female,173.33.7.252
986,Gena,Doyle,gdoylerd@symantec.com,Female,14.150.60.25
987,Jobyna,Heinonen,jheinonenre@stanford.edu,Female,193.87.37.94
988,Angus,Champe,achamperf@purevolume.com,Male,131.254.155.45
989,Hermione,Ashfull,hashfullrg@wix.com,Female,219.44.173.251
990,Dev,Abele,dabelerh@go.com,Male,89.10.232.54
991,Ximenes,Scott,xscottri@xinhuanet.com,Male,45.42.48.172
992,Carey,Llewellyn,cllewellynrj@i2i.jp,Female,133.203.7.220
993,Skip,Ashbolt,sashboltrk@1688.com,Genderqueer,232.114.50.43
994,Mufinella,Paynes,mpaynesrl@themeforest.net,Female,69.22.123.64
995,Franzen,McConnulty,fmcconnultyrm@bloglines.com,Male,78.90.163.109
996,Herta,Pillman,hpillmanrn@clickbank.net,Female,169.157.217.193
997,Claus,Prosch,cproschro@guardian.co.uk,Male,179.89.245.104
998,Kelsy,Rembrandt,krembrandtrp@yale.edu,Female,235.162.234.143
999,Zonnya,Mollene,zmollenerq@cdc.gov,Female,29.198.69.164
1000,Jordan,Nelles,jnellesrr@squarespace.com,Female,27.213.101.107
